{"data": [{"MDVP:Fo(Hz)": 118.992, "MDVP:Fhi(Hz)": 147.302, "MDVP:Flo(Hz)": 76.997, "MDVP:Jitter(%)": 0.00884, "MDVP:Jitter(Abs)": 6e-05, "MDVP:RAP": 0.0047, "MDVP:PPQ": 0.00564, "Jitter:DDP": 0.01209, "MDVP:Shimmer": 0.04274, "MDVP:Shimmer(dB)": 0.426, "Shimmer:APQ3": 0.02282, "Shimmer:APQ5": 0.0323, "MDVP:APQ": 0.03071, "Shimmer:DDA": 0.06645, "NHR": 0.02411, "HNR": 22.133, "RPDE": 0.424783, "DFA": 0.805285, "spread1": -4.913031, "spread2": 0.276482, "D2": 2.401442, "PPE": 0.294654}]}